Index,native_label
0,INVALIDE
1,INVALIDE
2,INVALIDE
3,ERREUR_API
4,ERREUR_API
5,ERREUR_API
6,ERREUR_API
7,ERREUR_API
8,ERREUR_API
9,ERREUR_API
10,ERREUR_API
11,ERREUR_API
12,ERREUR_API
13,ERREUR_API
14,ERREUR_API
15,ERREUR_API
16,ERREUR_API
17,ERREUR_API
18,ERREUR_API
19,ERREUR_API
20,ERREUR_API
21,ERREUR_API
22,ERREUR_API
23,ERREUR_API
24,ERREUR_API
25,ERREUR_API
26,ERREUR_API
27,ERREUR_API
28,ERREUR_API
29,ERREUR_API
30,ERREUR_API
31,ERREUR_API
32,ERREUR_API
33,ERREUR_API
34,ERREUR_API
35,ERREUR_API
36,ERREUR_API
37,ERREUR_API
38,ERREUR_API
39,ERREUR_API
40,ERREUR_API
41,ERREUR_API
42,ERREUR_API
43,ERREUR_API
44,ERREUR_API
45,ERREUR_API
46,ERREUR_API
47,ERREUR_API
48,ERREUR_API
49,ERREUR_API
50,ERREUR_API
51,ERREUR_API
52,ERREUR_API
53,ERREUR_API
54,ERREUR_API
55,ERREUR_API
56,ERREUR_API
57,ERREUR_API
58,ERREUR_API
59,ERREUR_API
60,ERREUR_API
61,ERREUR_API
62,ERREUR_API
63,ERREUR_API
64,ERREUR_API
65,ERREUR_API
66,ERREUR_API
67,ERREUR_API
68,ERREUR_API
69,ERREUR_API
70,ERREUR_API
71,ERREUR_API
72,ERREUR_API
73,ERREUR_API
74,ERREUR_API
75,ERREUR_API
76,ERREUR_API
77,ERREUR_API
78,ERREUR_API
79,ERREUR_API
80,ERREUR_API
81,ERREUR_API
82,ERREUR_API
83,ERREUR_API
84,ERREUR_API
85,ERREUR_API
86,ERREUR_API
87,ERREUR_API
88,ERREUR_API
89,ERREUR_API
90,ERREUR_API
91,ERREUR_API
92,ERREUR_API
93,ERREUR_API
94,ERREUR_API
95,ERREUR_API
96,ERREUR_API
97,ERREUR_API
98,ERREUR_API
99,ERREUR_API
100,ERREUR_API
101,ERREUR_API
102,ERREUR_API
103,ERREUR_API
104,ERREUR_API
105,ERREUR_API
106,ERREUR_API
107,ERREUR_API
108,ERREUR_API
109,ERREUR_API
110,ERREUR_API
111,ERREUR_API
112,ERREUR_API
113,ERREUR_API
114,ERREUR_API
115,ERREUR_API
116,ERREUR_API
117,ERREUR_API
118,ERREUR_API
119,ERREUR_API
120,ERREUR_API
121,ERREUR_API
122,ERREUR_API
123,ERREUR_API
124,ERREUR_API
125,ERREUR_API
126,ERREUR_API
127,ERREUR_API
128,ERREUR_API
129,ERREUR_API
130,ERREUR_API
131,ERREUR_API
132,ERREUR_API
133,ERREUR_API
134,ERREUR_API
135,ERREUR_API
136,ERREUR_API
137,ERREUR_API
138,ERREUR_API
139,ERREUR_API
140,ERREUR_API
141,ERREUR_API
142,ERREUR_API
143,ERREUR_API
144,ERREUR_API
145,ERREUR_API
146,ERREUR_API
147,ERREUR_API
148,ERREUR_API
149,ERREUR_API
150,ERREUR_API
151,ERREUR_API
152,ERREUR_API
153,ERREUR_API
154,ERREUR_API
155,ERREUR_API
156,ERREUR_API
157,ERREUR_API
158,ERREUR_API
159,ERREUR_API
160,ERREUR_API
161,ERREUR_API
162,ERREUR_API
163,ERREUR_API
164,ERREUR_API
165,ERREUR_API
166,ERREUR_API
167,ERREUR_API
168,ERREUR_API
169,ERREUR_API
170,ERREUR_API
171,ERREUR_API
172,ERREUR_API
173,ERREUR_API
174,ERREUR_API
175,ERREUR_API
176,ERREUR_API
177,ERREUR_API
178,ERREUR_API
179,ERREUR_API
180,ERREUR_API
181,ERREUR_API
182,ERREUR_API
183,ERREUR_API
184,ERREUR_API
185,ERREUR_API
186,ERREUR_API
187,ERREUR_API
188,ERREUR_API
189,ERREUR_API
190,ERREUR_API
191,ERREUR_API
192,ERREUR_API
193,ERREUR_API
194,ERREUR_API
195,ERREUR_API
196,ERREUR_API
197,ERREUR_API
198,ERREUR_API
199,ERREUR_API
200,ERREUR_API
201,ERREUR_API
202,ERREUR_API
203,ERREUR_API
204,ERREUR_API
205,ERREUR_API
206,ERREUR_API
207,ERREUR_API
208,ERREUR_API
209,ERREUR_API
210,ERREUR_API
211,ERREUR_API
212,ERREUR_API
213,ERREUR_API
214,ERREUR_API
215,ERREUR_API
216,ERREUR_API
217,ERREUR_API
218,ERREUR_API
219,ERREUR_API
220,ERREUR_API
221,ERREUR_API
222,ERREUR_API
223,ERREUR_API
224,ERREUR_API
225,ERREUR_API
226,ERREUR_API
227,ERREUR_API
228,ERREUR_API
229,ERREUR_API
230,ERREUR_API
231,ERREUR_API
232,ERREUR_API
233,ERREUR_API
234,ERREUR_API
235,ERREUR_API
236,ERREUR_API
237,ERREUR_API
238,ERREUR_API
239,ERREUR_API
240,ERREUR_API
241,ERREUR_API
242,ERREUR_API
243,ERREUR_API
244,ERREUR_API
245,ERREUR_API
246,ERREUR_API
247,ERREUR_API
248,ERREUR_API
249,ERREUR_API
250,ERREUR_API
251,ERREUR_API
252,ERREUR_API
253,ERREUR_API
254,ERREUR_API
255,ERREUR_API
256,ERREUR_API
257,ERREUR_API
258,ERREUR_API
259,ERREUR_API
260,ERREUR_API
261,ERREUR_API
262,ERREUR_API
263,ERREUR_API
264,ERREUR_API
265,ERREUR_API
266,ERREUR_API
267,ERREUR_API
268,ERREUR_API
269,ERREUR_API
270,ERREUR_API
271,ERREUR_API
272,ERREUR_API
273,ERREUR_API
274,ERREUR_API
275,ERREUR_API
276,ERREUR_API
277,ERREUR_API
278,ERREUR_API
279,ERREUR_API
280,ERREUR_API
281,ERREUR_API
282,ERREUR_API
283,ERREUR_API
284,ERREUR_API
285,ERREUR_API
286,ERREUR_API
287,ERREUR_API
288,ERREUR_API
289,ERREUR_API
290,ERREUR_API
291,ERREUR_API
292,ERREUR_API
293,ERREUR_API
294,ERREUR_API
295,ERREUR_API
296,ERREUR_API
297,ERREUR_API
298,ERREUR_API
299,ERREUR_API
300,ERREUR_API
301,ERREUR_API
302,ERREUR_API
303,ERREUR_API
304,ERREUR_API
305,ERREUR_API
306,ERREUR_API
307,ERREUR_API
308,ERREUR_API
309,ERREUR_API
310,ERREUR_API
311,ERREUR_API
312,ERREUR_API
313,ERREUR_API
314,ERREUR_API
315,ERREUR_API
316,ERREUR_API
317,ERREUR_API
318,ERREUR_API
319,ERREUR_API
320,ERREUR_API
321,ERREUR_API
322,ERREUR_API
323,ERREUR_API
324,ERREUR_API
325,ERREUR_API
326,ERREUR_API
327,ERREUR_API
328,ERREUR_API
329,ERREUR_API
330,ERREUR_API
331,ERREUR_API
332,ERREUR_API
333,ERREUR_API
334,ERREUR_API
335,ERREUR_API
336,ERREUR_API
337,ERREUR_API
338,ERREUR_API
339,ERREUR_API
340,ERREUR_API
341,ERREUR_API
342,ERREUR_API
343,ERREUR_API
344,ERREUR_API
345,ERREUR_API
346,ERREUR_API
347,ERREUR_API
348,ERREUR_API
349,ERREUR_API
350,ERREUR_API
351,ERREUR_API
352,ERREUR_API
353,ERREUR_API
354,ERREUR_API
355,ERREUR_API
356,ERREUR_API
357,ERREUR_API
358,ERREUR_API
359,ERREUR_API
360,ERREUR_API
361,ERREUR_API
362,ERREUR_API
363,ERREUR_API
364,ERREUR_API
365,ERREUR_API
366,ERREUR_API
367,ERREUR_API
368,ERREUR_API
369,ERREUR_API
370,ERREUR_API
371,ERREUR_API
372,ERREUR_API
373,ERREUR_API
374,ERREUR_API
375,ERREUR_API
376,ERREUR_API
377,ERREUR_API
378,ERREUR_API
379,ERREUR_API
380,ERREUR_API
381,ERREUR_API
382,ERREUR_API
383,ERREUR_API
384,ERREUR_API
385,ERREUR_API
386,ERREUR_API
387,ERREUR_API
388,ERREUR_API
389,ERREUR_API
390,ERREUR_API
391,ERREUR_API
392,ERREUR_API
393,ERREUR_API
394,ERREUR_API
395,ERREUR_API
396,ERREUR_API
397,ERREUR_API
398,ERREUR_API
399,ERREUR_API
400,ERREUR_API
401,ERREUR_API
402,ERREUR_API
403,ERREUR_API
404,ERREUR_API
405,ERREUR_API
406,ERREUR_API
407,ERREUR_API
408,ERREUR_API
409,ERREUR_API
410,ERREUR_API
411,ERREUR_API
412,ERREUR_API
413,ERREUR_API
414,ERREUR_API
415,ERREUR_API
416,ERREUR_API
417,ERREUR_API
418,ERREUR_API
419,ERREUR_API
420,ERREUR_API
421,ERREUR_API
422,ERREUR_API
423,ERREUR_API
424,ERREUR_API
425,ERREUR_API
426,ERREUR_API
427,ERREUR_API
428,ERREUR_API
429,ERREUR_API
430,ERREUR_API
431,ERREUR_API
432,ERREUR_API
433,ERREUR_API
434,ERREUR_API
435,ERREUR_API
436,ERREUR_API
437,ERREUR_API
438,ERREUR_API
439,ERREUR_API
440,ERREUR_API
441,ERREUR_API
442,ERREUR_API
443,ERREUR_API
444,ERREUR_API
445,ERREUR_API
446,ERREUR_API
447,ERREUR_API
448,ERREUR_API
449,ERREUR_API
450,ERREUR_API
451,ERREUR_API
452,ERREUR_API
453,ERREUR_API
454,ERREUR_API
455,ERREUR_API
456,ERREUR_API
457,ERREUR_API
458,ERREUR_API
459,ERREUR_API
460,ERREUR_API
461,ERREUR_API
462,ERREUR_API
463,ERREUR_API
464,ERREUR_API
465,ERREUR_API
466,ERREUR_API
467,ERREUR_API
468,ERREUR_API
469,ERREUR_API
470,ERREUR_API
471,ERREUR_API
472,ERREUR_API
473,ERREUR_API
474,ERREUR_API
475,ERREUR_API
476,ERREUR_API
477,ERREUR_API
478,ERREUR_API
479,ERREUR_API
480,ERREUR_API
481,ERREUR_API
482,ERREUR_API
483,ERREUR_API
484,ERREUR_API
485,ERREUR_API
486,ERREUR_API
487,ERREUR_API
488,ERREUR_API
489,ERREUR_API
490,ERREUR_API
491,ERREUR_API
492,ERREUR_API
493,ERREUR_API
494,ERREUR_API
495,ERREUR_API
496,ERREUR_API
497,ERREUR_API
498,ERREUR_API
499,ERREUR_API
500,ERREUR_API
501,ERREUR_API
502,ERREUR_API
503,ERREUR_API
504,ERREUR_API
505,ERREUR_API
506,ERREUR_API
507,ERREUR_API
508,ERREUR_API
509,ERREUR_API
510,ERREUR_API
511,ERREUR_API
512,ERREUR_API
513,ERREUR_API
514,ERREUR_API
515,ERREUR_API
516,ERREUR_API
517,ERREUR_API
518,ERREUR_API
519,ERREUR_API
520,ERREUR_API
521,ERREUR_API
522,ERREUR_API
523,ERREUR_API
524,ERREUR_API
525,ERREUR_API
526,ERREUR_API
527,ERREUR_API
528,ERREUR_API
529,ERREUR_API
530,ERREUR_API
531,ERREUR_API
532,ERREUR_API
533,ERREUR_API
534,ERREUR_API
535,ERREUR_API
536,ERREUR_API
537,ERREUR_API
538,ERREUR_API
539,ERREUR_API
540,ERREUR_API
541,ERREUR_API
542,ERREUR_API
543,ERREUR_API
544,ERREUR_API
545,ERREUR_API
546,ERREUR_API
547,ERREUR_API
548,ERREUR_API
549,ERREUR_API
550,ERREUR_API
551,ERREUR_API
552,ERREUR_API
553,ERREUR_API
554,ERREUR_API
555,ERREUR_API
556,ERREUR_API
557,ERREUR_API
558,ERREUR_API
559,ERREUR_API
560,ERREUR_API
561,ERREUR_API
562,ERREUR_API
563,ERREUR_API
564,ERREUR_API
565,ERREUR_API
566,ERREUR_API
567,ERREUR_API
568,ERREUR_API
569,ERREUR_API
570,ERREUR_API
571,ERREUR_API
572,ERREUR_API
573,ERREUR_API
574,ERREUR_API
575,ERREUR_API
576,ERREUR_API
577,ERREUR_API
578,ERREUR_API
579,ERREUR_API
580,ERREUR_API
581,ERREUR_API
582,ERREUR_API
583,ERREUR_API
584,ERREUR_API
585,ERREUR_API
586,ERREUR_API
587,ERREUR_API
588,ERREUR_API
589,ERREUR_API
590,ERREUR_API
591,ERREUR_API
592,ERREUR_API
593,ERREUR_API
594,ERREUR_API
595,ERREUR_API
596,ERREUR_API
597,ERREUR_API
598,ERREUR_API
599,ERREUR_API
600,ERREUR_API
601,ERREUR_API
602,ERREUR_API
603,ERREUR_API
604,ERREUR_API
605,ERREUR_API
606,ERREUR_API
607,ERREUR_API
608,ERREUR_API
609,ERREUR_API
610,ERREUR_API
611,ERREUR_API
612,ERREUR_API
613,ERREUR_API
614,ERREUR_API
615,ERREUR_API
616,ERREUR_API
617,ERREUR_API
618,ERREUR_API
619,ERREUR_API
620,ERREUR_API
621,ERREUR_API
622,ERREUR_API
623,ERREUR_API
624,ERREUR_API
625,ERREUR_API
626,ERREUR_API
627,ERREUR_API
628,ERREUR_API
629,ERREUR_API
630,ERREUR_API
631,ERREUR_API
632,ERREUR_API
633,ERREUR_API
634,ERREUR_API
635,ERREUR_API
636,ERREUR_API
637,ERREUR_API
638,ERREUR_API
639,ERREUR_API
640,ERREUR_API
641,ERREUR_API
642,ERREUR_API
643,ERREUR_API
644,ERREUR_API
645,ERREUR_API
646,ERREUR_API
647,ERREUR_API
648,ERREUR_API
649,ERREUR_API
650,ERREUR_API
651,ERREUR_API
652,ERREUR_API
653,ERREUR_API
654,ERREUR_API
655,ERREUR_API
656,ERREUR_API
657,ERREUR_API
658,ERREUR_API
659,ERREUR_API
660,ERREUR_API
661,ERREUR_API
662,ERREUR_API
663,ERREUR_API
664,ERREUR_API
665,ERREUR_API
666,ERREUR_API
667,ERREUR_API
668,ERREUR_API
669,ERREUR_API
670,ERREUR_API
671,ERREUR_API
672,ERREUR_API
673,ERREUR_API
674,ERREUR_API
675,ERREUR_API
676,ERREUR_API
677,ERREUR_API
678,ERREUR_API
679,ERREUR_API
680,ERREUR_API
681,ERREUR_API
682,ERREUR_API
683,ERREUR_API
684,ERREUR_API
685,ERREUR_API
686,ERREUR_API
687,ERREUR_API
688,ERREUR_API
689,ERREUR_API
690,ERREUR_API
691,ERREUR_API
692,ERREUR_API
693,ERREUR_API
694,ERREUR_API
695,ERREUR_API
696,ERREUR_API
697,ERREUR_API
698,ERREUR_API
699,ERREUR_API
700,ERREUR_API
701,ERREUR_API
702,ERREUR_API
703,ERREUR_API
704,ERREUR_API
705,ERREUR_API
706,ERREUR_API
707,ERREUR_API
708,ERREUR_API
709,ERREUR_API
710,ERREUR_API
711,ERREUR_API
712,ERREUR_API
713,ERREUR_API
714,ERREUR_API
715,ERREUR_API
716,ERREUR_API
717,ERREUR_API
718,ERREUR_API
719,ERREUR_API
720,ERREUR_API
721,ERREUR_API
722,ERREUR_API
723,ERREUR_API
724,ERREUR_API
725,ERREUR_API
726,ERREUR_API
727,ERREUR_API
728,ERREUR_API
729,ERREUR_API
730,ERREUR_API
731,ERREUR_API
732,ERREUR_API
733,ERREUR_API
734,ERREUR_API
735,ERREUR_API
736,ERREUR_API
737,ERREUR_API
738,ERREUR_API
739,ERREUR_API
740,ERREUR_API
741,ERREUR_API
742,ERREUR_API
743,ERREUR_API
744,ERREUR_API
745,ERREUR_API
746,ERREUR_API
747,ERREUR_API
748,ERREUR_API
749,ERREUR_API
750,ERREUR_API
751,ERREUR_API
752,ERREUR_API
753,ERREUR_API
754,ERREUR_API
755,ERREUR_API
756,ERREUR_API
757,ERREUR_API
758,ERREUR_API
759,ERREUR_API
760,ERREUR_API
761,ERREUR_API
762,ERREUR_API
763,ERREUR_API
764,ERREUR_API
765,ERREUR_API
766,ERREUR_API
767,ERREUR_API
768,ERREUR_API
769,ERREUR_API
770,ERREUR_API
771,ERREUR_API
772,ERREUR_API
773,ERREUR_API
774,ERREUR_API
775,ERREUR_API
776,ERREUR_API
777,ERREUR_API
778,ERREUR_API
779,ERREUR_API
780,ERREUR_API
781,ERREUR_API
782,ERREUR_API
783,ERREUR_API
784,ERREUR_API
785,ERREUR_API
786,ERREUR_API
787,ERREUR_API
788,ERREUR_API
789,ERREUR_API
790,ERREUR_API
791,ERREUR_API
792,ERREUR_API
793,ERREUR_API
794,ERREUR_API
795,ERREUR_API
796,ERREUR_API
797,ERREUR_API
798,ERREUR_API
799,ERREUR_API
800,ERREUR_API
801,ERREUR_API
802,ERREUR_API
803,ERREUR_API
804,ERREUR_API
805,ERREUR_API
806,ERREUR_API
807,ERREUR_API
808,ERREUR_API
809,ERREUR_API
810,ERREUR_API
811,ERREUR_API
812,ERREUR_API
813,ERREUR_API
814,ERREUR_API
815,ERREUR_API
816,ERREUR_API
817,ERREUR_API
818,ERREUR_API
819,ERREUR_API
820,ERREUR_API
821,ERREUR_API
822,ERREUR_API
823,ERREUR_API
824,ERREUR_API
825,ERREUR_API
826,ERREUR_API
827,ERREUR_API
828,ERREUR_API
829,ERREUR_API
830,ERREUR_API
831,ERREUR_API
832,ERREUR_API
833,ERREUR_API
834,ERREUR_API
835,ERREUR_API
836,ERREUR_API
837,ERREUR_API
838,ERREUR_API
839,ERREUR_API
840,ERREUR_API
841,ERREUR_API
842,ERREUR_API
843,ERREUR_API
844,ERREUR_API
845,ERREUR_API
846,ERREUR_API
847,ERREUR_API
848,ERREUR_API
849,ERREUR_API
850,ERREUR_API
851,ERREUR_API
852,ERREUR_API
853,ERREUR_API
854,ERREUR_API
855,ERREUR_API
856,ERREUR_API
857,ERREUR_API
858,ERREUR_API
859,ERREUR_API
860,ERREUR_API
861,ERREUR_API
862,ERREUR_API
863,ERREUR_API
864,ERREUR_API
865,ERREUR_API
866,ERREUR_API
867,ERREUR_API
868,ERREUR_API
869,ERREUR_API
870,ERREUR_API
871,ERREUR_API
872,ERREUR_API
873,ERREUR_API
874,ERREUR_API
875,ERREUR_API
876,ERREUR_API
877,ERREUR_API
878,ERREUR_API
879,ERREUR_API
880,ERREUR_API
881,ERREUR_API
882,ERREUR_API
883,ERREUR_API
884,ERREUR_API
885,ERREUR_API
886,ERREUR_API
887,ERREUR_API
888,ERREUR_API
889,ERREUR_API
890,ERREUR_API
891,ERREUR_API
892,ERREUR_API
893,ERREUR_API
894,ERREUR_API
895,ERREUR_API
896,ERREUR_API
897,ERREUR_API
898,ERREUR_API
899,ERREUR_API
900,ERREUR_API
901,ERREUR_API
902,ERREUR_API
903,ERREUR_API
904,ERREUR_API
905,ERREUR_API
906,ERREUR_API
907,ERREUR_API
908,ERREUR_API
909,ERREUR_API
910,ERREUR_API
911,ERREUR_API
912,ERREUR_API
913,ERREUR_API
914,ERREUR_API
915,ERREUR_API
916,ERREUR_API
917,ERREUR_API
918,ERREUR_API
919,ERREUR_API
920,ERREUR_API
921,ERREUR_API
922,ERREUR_API
923,ERREUR_API
924,ERREUR_API
925,ERREUR_API
926,ERREUR_API
927,ERREUR_API
928,ERREUR_API
929,ERREUR_API
930,ERREUR_API
931,ERREUR_API
932,ERREUR_API
933,ERREUR_API
934,ERREUR_API
935,ERREUR_API
936,ERREUR_API
937,ERREUR_API
938,ERREUR_API
939,ERREUR_API
940,ERREUR_API
941,ERREUR_API
942,ERREUR_API
943,ERREUR_API
944,ERREUR_API
945,ERREUR_API
946,ERREUR_API
947,ERREUR_API
948,ERREUR_API
949,ERREUR_API
950,ERREUR_API
951,ERREUR_API
952,ERREUR_API
953,ERREUR_API
954,ERREUR_API
955,ERREUR_API
956,ERREUR_API
957,ERREUR_API
958,ERREUR_API
959,ERREUR_API
960,ERREUR_API
961,ERREUR_API
962,ERREUR_API
963,ERREUR_API
964,ERREUR_API
965,ERREUR_API
966,ERREUR_API
967,ERREUR_API
968,ERREUR_API
969,ERREUR_API
970,ERREUR_API
971,ERREUR_API
972,ERREUR_API
973,ERREUR_API
974,ERREUR_API
975,ERREUR_API
976,ERREUR_API
977,ERREUR_API
978,ERREUR_API
979,ERREUR_API
980,ERREUR_API
981,ERREUR_API
982,ERREUR_API
983,ERREUR_API
984,ERREUR_API
985,ERREUR_API
986,ERREUR_API
987,ERREUR_API
988,ERREUR_API
989,ERREUR_API
990,ERREUR_API
991,ERREUR_API
992,ERREUR_API
993,ERREUR_API
994,ERREUR_API
995,ERREUR_API
996,ERREUR_API
997,ERREUR_API
998,ERREUR_API
999,ERREUR_API
1000,ERREUR_API
1001,ERREUR_API
1002,ERREUR_API
1003,ERREUR_API
1004,ERREUR_API
1005,ERREUR_API
1006,ERREUR_API
1007,ERREUR_API
1008,ERREUR_API
1009,ERREUR_API
1010,ERREUR_API
1011,ERREUR_API
1012,ERREUR_API
1013,ERREUR_API
1014,ERREUR_API
1015,ERREUR_API
1016,ERREUR_API
1017,ERREUR_API
1018,ERREUR_API
1019,ERREUR_API
1020,ERREUR_API
1021,ERREUR_API
1022,ERREUR_API
1023,ERREUR_API
1024,ERREUR_API
1025,ERREUR_API
1026,ERREUR_API
1027,ERREUR_API
1028,ERREUR_API
1029,ERREUR_API
1030,ERREUR_API
1031,ERREUR_API
1032,ERREUR_API
1033,ERREUR_API
1034,ERREUR_API
1035,ERREUR_API
1036,ERREUR_API
1037,ERREUR_API
1038,ERREUR_API
1039,ERREUR_API
1040,ERREUR_API
1041,ERREUR_API
1042,ERREUR_API
1043,ERREUR_API
1044,ERREUR_API
1045,ERREUR_API
1046,ERREUR_API
1047,ERREUR_API
1048,ERREUR_API
1049,ERREUR_API
1050,ERREUR_API
1051,ERREUR_API
1052,ERREUR_API
1053,ERREUR_API
1054,ERREUR_API
1055,ERREUR_API
1056,ERREUR_API
1057,ERREUR_API
1058,ERREUR_API
1059,ERREUR_API
1060,ERREUR_API
1061,ERREUR_API
1062,ERREUR_API
1063,ERREUR_API
1064,ERREUR_API
1065,ERREUR_API
1066,ERREUR_API
1067,ERREUR_API
1068,ERREUR_API
1069,ERREUR_API
1070,ERREUR_API
1071,ERREUR_API
1072,ERREUR_API
1073,ERREUR_API
1074,ERREUR_API
1075,ERREUR_API
1076,ERREUR_API
1077,ERREUR_API
1078,ERREUR_API
1079,ERREUR_API
1080,ERREUR_API
1081,ERREUR_API
1082,ERREUR_API
1083,ERREUR_API
1084,ERREUR_API
1085,ERREUR_API
1086,ERREUR_API
1087,ERREUR_API
1088,ERREUR_API
1089,ERREUR_API
1090,ERREUR_API
1091,ERREUR_API
1092,ERREUR_API
1093,ERREUR_API
1094,ERREUR_API
1095,ERREUR_API
1096,ERREUR_API
1097,ERREUR_API
1098,ERREUR_API
1099,ERREUR_API
1100,ERREUR_API
1101,ERREUR_API
1102,ERREUR_API
1103,ERREUR_API
1104,ERREUR_API
1105,ERREUR_API
1106,ERREUR_API
1107,ERREUR_API
1108,ERREUR_API
1109,ERREUR_API
1110,ERREUR_API
1111,ERREUR_API
1112,ERREUR_API
1113,ERREUR_API
1114,ERREUR_API
1115,ERREUR_API
1116,ERREUR_API
1117,ERREUR_API
1118,ERREUR_API
1119,ERREUR_API
1120,ERREUR_API
1121,ERREUR_API
1122,ERREUR_API
1123,ERREUR_API
1124,ERREUR_API
1125,ERREUR_API
1126,ERREUR_API
1127,ERREUR_API
1128,ERREUR_API
1129,ERREUR_API
1130,ERREUR_API
1131,ERREUR_API
1132,ERREUR_API
1133,ERREUR_API
1134,ERREUR_API
1135,ERREUR_API
1136,ERREUR_API
1137,ERREUR_API
1138,ERREUR_API
1139,ERREUR_API
1140,ERREUR_API
1141,ERREUR_API
1142,ERREUR_API
1143,ERREUR_API
1144,ERREUR_API
1145,ERREUR_API
1146,ERREUR_API
1147,ERREUR_API
1148,ERREUR_API
1149,ERREUR_API
1150,ERREUR_API
1151,ERREUR_API
1152,ERREUR_API
1153,ERREUR_API
1154,ERREUR_API
1155,ERREUR_API
1156,ERREUR_API
1157,ERREUR_API
1158,ERREUR_API
1159,ERREUR_API
1160,ERREUR_API
1161,ERREUR_API
1162,ERREUR_API
1163,ERREUR_API
1164,ERREUR_API
1165,ERREUR_API
1166,ERREUR_API
1167,ERREUR_API
1168,ERREUR_API
1169,ERREUR_API
1170,ERREUR_API
1171,ERREUR_API
1172,ERREUR_API
1173,ERREUR_API
1174,ERREUR_API
1175,ERREUR_API
1176,ERREUR_API
1177,ERREUR_API
1178,ERREUR_API
1179,ERREUR_API
1180,ERREUR_API
1181,ERREUR_API
1182,ERREUR_API
1183,ERREUR_API
1184,ERREUR_API
1185,ERREUR_API
1186,ERREUR_API
1187,ERREUR_API
1188,ERREUR_API
1189,ERREUR_API
1190,ERREUR_API
1191,ERREUR_API
1192,ERREUR_API
1193,ERREUR_API
1194,ERREUR_API
1195,ERREUR_API
1196,ERREUR_API
1197,ERREUR_API
1198,ERREUR_API
1199,ERREUR_API
1200,ERREUR_API
1201,ERREUR_API
1202,ERREUR_API
1203,ERREUR_API
1204,ERREUR_API
1205,ERREUR_API
1206,ERREUR_API
1207,ERREUR_API
1208,ERREUR_API
1209,ERREUR_API
1210,ERREUR_API
1211,ERREUR_API
1212,ERREUR_API
1213,ERREUR_API
1214,ERREUR_API
1215,ERREUR_API
1216,ERREUR_API
1217,ERREUR_API
1218,ERREUR_API
1219,ERREUR_API
1220,ERREUR_API
1221,ERREUR_API
1222,ERREUR_API
1223,ERREUR_API
1224,ERREUR_API
1225,ERREUR_API
1226,ERREUR_API
1227,ERREUR_API
1228,ERREUR_API
1229,ERREUR_API
1230,ERREUR_API
1231,ERREUR_API
1232,ERREUR_API
1233,ERREUR_API
1234,ERREUR_API
1235,ERREUR_API
1236,ERREUR_API
1237,ERREUR_API
1238,ERREUR_API
1239,ERREUR_API
1240,ERREUR_API
1241,ERREUR_API
1242,ERREUR_API
1243,ERREUR_API
1244,ERREUR_API
1245,ERREUR_API
1246,ERREUR_API
1247,ERREUR_API
1248,ERREUR_API
1249,ERREUR_API
1250,ERREUR_API
1251,ERREUR_API
1252,ERREUR_API
1253,ERREUR_API
1254,ERREUR_API
1255,ERREUR_API
1256,ERREUR_API
1257,ERREUR_API
1258,ERREUR_API
1259,ERREUR_API
1260,ERREUR_API
1261,ERREUR_API
1262,ERREUR_API
1263,ERREUR_API
1264,ERREUR_API
1265,ERREUR_API
1266,ERREUR_API
1267,ERREUR_API
1268,ERREUR_API
1269,ERREUR_API
1270,ERREUR_API
1271,ERREUR_API
1272,ERREUR_API
1273,ERREUR_API
1274,ERREUR_API
1275,ERREUR_API
1276,ERREUR_API
1277,ERREUR_API
1278,ERREUR_API
1279,ERREUR_API
1280,ERREUR_API
1281,ERREUR_API
1282,ERREUR_API
1283,ERREUR_API
1284,ERREUR_API
1285,ERREUR_API
1286,ERREUR_API
1287,ERREUR_API
1288,ERREUR_API
1289,ERREUR_API
1290,ERREUR_API
1291,ERREUR_API
1292,ERREUR_API
1293,ERREUR_API
1294,ERREUR_API
1295,ERREUR_API
1296,ERREUR_API
1297,ERREUR_API
1298,ERREUR_API
1299,ERREUR_API
1300,ERREUR_API
1301,ERREUR_API
1302,ERREUR_API
1303,ERREUR_API
1304,ERREUR_API
1305,ERREUR_API
1306,ERREUR_API
1307,ERREUR_API
1308,ERREUR_API
1309,ERREUR_API
1310,ERREUR_API
1311,ERREUR_API
1312,ERREUR_API
1313,ERREUR_API
1314,ERREUR_API
1315,ERREUR_API
1316,ERREUR_API
1317,ERREUR_API
1318,ERREUR_API
1319,ERREUR_API
1320,ERREUR_API
1321,ERREUR_API
1322,ERREUR_API
1323,ERREUR_API
1324,ERREUR_API
1325,ERREUR_API
1326,ERREUR_API
1327,ERREUR_API
1328,ERREUR_API
1329,ERREUR_API
1330,ERREUR_API
1331,ERREUR_API
1332,ERREUR_API
1333,ERREUR_API
1334,ERREUR_API
1335,ERREUR_API
1336,ERREUR_API
1337,ERREUR_API
1338,ERREUR_API
1339,ERREUR_API
1340,ERREUR_API
1341,ERREUR_API
1342,ERREUR_API
1343,ERREUR_API
1344,ERREUR_API
1345,ERREUR_API
1346,ERREUR_API
1347,ERREUR_API
1348,ERREUR_API
1349,ERREUR_API
1350,ERREUR_API
1351,ERREUR_API
1352,ERREUR_API
1353,ERREUR_API
1354,ERREUR_API
1355,ERREUR_API
1356,ERREUR_API
1357,ERREUR_API
1358,ERREUR_API
1359,ERREUR_API
1360,ERREUR_API
1361,ERREUR_API
1362,ERREUR_API
1363,ERREUR_API
1364,ERREUR_API
1365,ERREUR_API
1366,ERREUR_API
1367,ERREUR_API
1368,ERREUR_API
1369,ERREUR_API
1370,ERREUR_API
1371,ERREUR_API
1372,ERREUR_API
1373,ERREUR_API
1374,ERREUR_API
1375,ERREUR_API
1376,ERREUR_API
1377,ERREUR_API
1378,ERREUR_API
1379,ERREUR_API
1380,ERREUR_API
1381,ERREUR_API
1382,ERREUR_API
1383,ERREUR_API
1384,ERREUR_API
1385,ERREUR_API
1386,ERREUR_API
1387,ERREUR_API
1388,ERREUR_API
1389,ERREUR_API
1390,ERREUR_API
1391,ERREUR_API
1392,ERREUR_API
1393,ERREUR_API
1394,ERREUR_API
1395,ERREUR_API
1396,ERREUR_API
1397,ERREUR_API
1398,ERREUR_API
1399,ERREUR_API
1400,ERREUR_API
1401,ERREUR_API
1402,ERREUR_API
1403,ERREUR_API
1404,ERREUR_API
1405,ERREUR_API
1406,ERREUR_API
1407,ERREUR_API
1408,ERREUR_API
1409,ERREUR_API
1410,ERREUR_API
1411,ERREUR_API
1412,ERREUR_API
1413,ERREUR_API
1414,ERREUR_API
1415,ERREUR_API
1416,ERREUR_API
1417,ERREUR_API
1418,ERREUR_API
1419,ERREUR_API
1420,ERREUR_API
1421,ERREUR_API
1422,ERREUR_API
1423,ERREUR_API
