lag,strategy,cost_bp,annual_return,sharpe,max_drawdown,win_rate,p_value_mean,mean_daily_pnl,total_turnover,days,positions
1,long_only_055,5,0.12653740762814053,0.7572068531533419,-0.1287968273804576,0.5062761506276151,0.46159510270447834,0.0005021325699529387,239.9,239,675
1,long_only_055,10,6.293064069281272e-05,0.00037590786257190646,-0.13733819523525503,0.4811715481171548,0.9997082143354962,2.4972476465401877e-07,239.9,239,675
1,long_only_055,20,-0.25288602333420257,-1.5028192014793904,-0.26706081978125096,0.45188284518828453,0.1446383691420393,-0.001003515965611915,239.9,239,675
1,long_only_extreme,5,0.0971624779241796,0.5550494275953866,-0.1294657783740295,0.4686192468619247,0.5893280314999751,0.0003855653885880143,256.7,239,612
1,long_only_extreme,10,-0.03816890282895852,-0.21792558003064116,-0.13790268995849797,0.4602510460251046,0.8321092048092797,-0.00015146390011491474,256.7,239,612
1,long_only_extreme,20,-0.3088316643352347,-1.7587371188878376,-0.3102612430425241,0.4309623430962343,0.08805679406851709,-0.0012255224775207724,256.7,239,612
1,extreme_ls_060,5,-0.08875456802269034,-0.6322685276331876,-0.14135759507205858,0.48535564853556484,0.538651830035912,-0.00035220066675670773,300.9666666666667,239,946
1,extreme_ls_060,10,-0.24742318726955226,-1.760518509641786,-0.2523734354760918,0.4393305439330544,0.08773740889169858,-0.0009818380447204455,300.9666666666667,239,946
1,extreme_ls_060,20,-0.5647604257632761,-3.9987230903128927,-0.4347640826748608,0.3682008368200837,0.0001280228180682143,-0.002241112800647921,300.9666666666667,239,946
1,proportional_ls,5,-0.039649547433685525,-0.2985795231429154,-0.13175563363630416,0.497907949790795,0.7714757943842685,-0.00015733947394319653,273.50122015776157,239,1195
1,proportional_ls,10,-0.18383847521560168,-1.382880333682746,-0.2044187305915447,0.4309623430962343,0.17934549098067593,-0.0007295177587920701,273.50122015776157,239,1195
1,proportional_ls,20,-0.47221633077943403,-3.5351385785323526,-0.3829160194972102,0.38493723849372385,0.0006801769511309968,-0.0018738743284898176,273.50122015776157,239,1195
1,risk_scaled_ls,5,-0.04081089540682101,-0.3289163917612326,-0.13214637157372267,0.5146443514644351,0.7490067310140814,-0.00016194799764611512,275.2912891963113,239,1195
1,risk_scaled_ls,10,-0.18594354159399767,-1.4965711292158155,-0.20443527046543575,0.4476987447698745,0.14630817816278943,-0.000737871196801578,275.2912891963113,239,1195
1,risk_scaled_ls,20,-0.47620883396835106,-3.8107949861552575,-0.3818855562146226,0.36401673640167365,0.0002568771256878505,-0.0018897175951125042,275.2912891963113,239,1195
2,long_only_055,5,0.10148390026945828,0.5746461753863802,-0.12061799692702202,0.5252100840336135,0.5770604629925777,0.0004027138899581678,237.9,238,672
2,long_only_055,10,-0.024463158554071194,-0.13861770344738317,-0.14422806883285044,0.49159663865546216,0.8929537661178749,-9.707602600821902e-05,237.9,238,672
2,long_only_055,20,-0.27635727620113,-1.5658946053362843,-0.2676574020299365,0.42436974789915966,0.12939829485347595,-0.001096655857940992,237.9,238,672
2,long_only_extreme,5,0.12788583800385847,0.6953462069725672,-0.10445433594922127,0.5084033613445378,0.4998550140004533,0.0005074834841422956,254.7,238,610
2,long_only_extreme,10,-0.006955338466729694,-0.03784405807422011,-0.1293740732437474,0.47058823529411764,0.9706931227255957,-2.760054947114958e-05,254.7,238,610
2,long_only_extreme,20,-0.2766376914079061,-1.5052396383717872,-0.2686989829269636,0.40336134453781514,0.14483876932937734,-0.0010977686166980401,254.7,238,610
2,extreme_ls_060,5,-0.03567604357360427,-0.21246230336737715,-0.20381621483539336,0.48739495798319327,0.8365961898040395,-0.00014157160148255664,298.9666666666667,238,943
2,extreme_ls_060,10,-0.1939525141618396,-1.1563943089389344,-0.25316418101721305,0.4579831932773109,0.2622292701694747,-0.0007696528339755539,298.9666666666667,238,943
2,extreme_ls_060,20,-0.5105054553383102,-3.045301761163507,-0.408432653524089,0.35294117647058826,0.003393878560436361,-0.002025815298961548,298.9666666666667,238,943
2,proportional_ls,5,-0.0614749435815132,-0.39701070817031975,-0.19154173495979976,0.5,0.6999723396589782,-0.00024394818881552858,271.5627389747672,238,1190
2,proportional_ls,10,-0.20524345245050765,-1.3261739226976939,-0.2491763421062324,0.46218487394957986,0.19872096160704208,-0.0008144581446448716,271.5627389747672,238,1190
2,proportional_ls,20,-0.49278047018849647,-3.1812586726219982,-0.3930832811420911,0.37815126050420167,0.002228918115723844,-0.0019554780563035574,271.5627389747672,238,1190
2,risk_scaled_ls,5,-0.06790803845336109,-0.45757367678160804,-0.16906198761022562,0.5084033613445378,0.6569556285820655,-0.0002694763430688932,273.0063607272117,238,1190
2,risk_scaled_ls,10,-0.21244081766188488,-1.4319203230453532,-0.24170726605926118,0.47058823529411764,0.16535542382174215,-0.0008430191177058924,273.0063607272117,238,1190
2,risk_scaled_ls,20,-0.5015063760789327,-3.3753387743887147,-0.3890179064486806,0.35714285714285715,0.0011932464951221128,-0.0019901046669798914,273.0063607272117,238,1190
3,long_only_055,5,-0.18529883619697707,-0.9063837017447172,-0.23556963742295467,0.4810126582278481,0.38029852755930504,-0.0007353128420514962,236.9,237,670
3,long_only_055,10,-0.31124567164001504,-1.5213846669187805,-0.3125647992899243,0.47257383966244726,0.1414350341215349,-0.0012351018715873613,236.9,237,670
3,long_only_055,20,-0.5631393425260909,-2.745892478622709,-0.4470732931023689,0.4219409282700422,0.008279844471875856,-0.002234679930659091,236.9,237,670
3,long_only_extreme,5,-0.26790026692455676,-1.322774332112678,-0.29014775092620926,0.459915611814346,0.20081984424689317,-0.0010630962973196697,253.7,237,608
3,long_only_extreme,10,-0.402778747937215,-1.9881481468622522,-0.36635163960229433,0.4345991561181435,0.055046375393430796,-0.0015983283648302183,253.7,237,608
3,long_only_extreme,20,-0.6725357099625315,-3.3140025206551202,-0.49974242327044527,0.3881856540084388,0.0014924419158118762,-0.0026687924998513154,253.7,237,608
3,extreme_ls_060,5,-0.4383628530986547,-2.5753002859864855,-0.3842652561836972,0.4345991561181435,0.013190372355602099,-0.0017395351313438678,297.6333333333333,237,940
3,extreme_ls_060,10,-0.5965982961366293,-3.4970994659665853,-0.46507455275360776,0.39662447257383965,0.000815076667270848,-0.0023674535560977354,297.6333333333333,237,940
3,extreme_ls_060,20,-0.9130691822125786,-5.319185184929939,-0.597074274834952,0.3291139240506329,5.274999325247594e-07,-0.0036232904056054706,297.6333333333333,237,940
3,proportional_ls,5,-0.33754732458790876,-2.217231285088673,-0.32209405562952453,0.45147679324894513,0.03255352444535398,-0.0013394735102694791,270.2902557307099,237,1185
3,proportional_ls,10,-0.48124594155866585,-3.1542683302846237,-0.40093180832511865,0.4177215189873418,0.002477570314776912,-0.001909706117296293,270.2902557307099,237,1185
3,proportional_ls,20,-0.7686431755001802,-5.006336274696136,-0.536275611267003,0.34177215189873417,2.190636075133756e-06,-0.0030501713313499214,270.2902557307099,237,1185
3,risk_scaled_ls,5,-0.3417159917811804,-2.208535476318546,-0.3424563247781005,0.4472573839662447,0.03323407449878148,-0.0013560158404015096,271.96575181374334,237,1185
3,risk_scaled_ls,10,-0.4863053788213984,-3.1385247184604244,-0.41510804661040634,0.4177215189873418,0.002601733695289595,-0.0019297832492912634,271.96575181374334,237,1185
3,risk_scaled_ls,20,-0.7754841529018343,-4.980825403519293,-0.5407076061416949,0.31645569620253167,2.453352663806053e-06,-0.0030773180670707707,271.96575181374334,237,1185
4,long_only_055,5,0.08381140293353599,0.5054728800581381,-0.08460626240711766,0.5042372881355932,0.6251825481899971,0.0003325849322759365,236.23333333333335,236,668
4,long_only_055,10,-0.04231317333765047,-0.254915616656825,-0.11351819815583697,0.4872881355932203,0.8053632292034099,-0.0001679094180065495,236.23333333333335,236,668
4,long_only_055,20,-0.29456232588002335,-1.7678747295525146,-0.2779611638374009,0.4406779661016949,0.08843184543369251,-0.0011688981185715211,236.23333333333335,236,668
4,long_only_extreme,5,0.0629969426946172,0.3779987781969835,-0.09137357964748771,0.4872881355932203,0.7148418616944003,0.00024998786783578253,253.03333333333333,236,606
4,long_only_extreme,10,-0.072097125101993,-0.4319570179835672,-0.13780335933782817,0.4661016949152542,0.676314768169598,-0.00028609970278568647,253.03333333333333,236,606
4,long_only_extreme,20,-0.3422852606952133,-2.041312215432612,-0.30410339932051833,0.4152542372881356,0.04938773266940393,-0.0013582748440286241,253.03333333333333,236,606
4,extreme_ls_060,5,0.08961396401377823,0.5351027237066449,-0.10145163195366225,0.5042372881355932,0.6050592980479268,0.0003556109683086438,297.1333333333333,236,937
4,extreme_ls_060,10,-0.06902501903706919,-0.41112256274000514,-0.15939893121095816,0.4703389830508475,0.6910967486331325,-0.00027390880570265553,297.1333333333333,236,937
4,extreme_ls_060,20,-0.3863029851387641,-2.2852554687875766,-0.33744137573152044,0.3813559322033898,0.027963064633103156,-0.0015329483537252543,297.1333333333333,236,937
4,proportional_ls,5,0.07344198374221295,0.4548420442987306,-0.08676369279472318,0.5084745762711864,0.6602215722633378,0.00029143644342147993,269.8343312226456,236,1180
4,proportional_ls,10,-0.07062210835123348,-0.43617777424733345,-0.14720708081899325,0.4788135593220339,0.6733351596985442,-0.00028024646171124394,269.8343312226456,236,1180
4,proportional_ls,20,-0.3587502925381262,-2.199832717962433,-0.321732652615386,0.3813559322033898,0.034307020042316075,-0.0014236122719766913,269.8343312226456,236,1180
4,risk_scaled_ls,5,0.04054546140269952,0.25600196307506684,-0.10994798957307361,0.5169491525423728,0.8045506302860046,0.00016089468810595047,270.50781635319834,236,1180
4,risk_scaled_ls,10,-0.10387820326044875,-0.6547543817125799,-0.16842082097920574,0.461864406779661,0.5269400347951635,-0.00041221509230336803,270.50781635319834,236,1180
4,risk_scaled_ls,20,-0.39272553258674525,-2.4622795454932667,-0.3393743296892756,0.3771186440677966,0.017976147742111946,-0.0015584346531220049,270.50781635319834,236,1180
5,long_only_055,5,0.030731942981189038,0.16259867629287883,-0.2138709521244877,0.5148936170212766,0.8753657076423194,0.0001219521546872581,235.43333333333334,235,665
5,long_only_055,10,-0.09550039744434288,-0.5057743539179872,-0.22159670927091402,0.4978723404255319,0.6257121331468913,-0.0003789698311283448,235.43333333333334,235,665
5,long_only_055,20,-0.34796507829540674,-1.8441236995924886,-0.3259229444807267,0.425531914893617,0.07623664563740082,-0.0013808138027595505,235.43333333333334,235,665
5,long_only_extreme,5,0.04634609312500219,0.2451950818648871,-0.1912483666768776,0.4978723404255319,0.8130344481786053,0.0001839130679563579,252.53333333333333,235,603
5,long_only_extreme,10,-0.0890547579388276,-0.47187329459314087,-0.19920401236077523,0.4723404255319149,0.6490433576649901,-0.0003533918965826492,252.53333333333333,235,603
5,long_only_extreme,20,-0.3598564600664872,-1.9102107269068418,-0.33700380003257024,0.39148936170212767,0.06635173126487516,-0.0014280018256606635,252.53333333333333,235,603
5,extreme_ls_060,5,-0.07542372485436531,-0.49935756667905984,-0.13601610628968042,0.49361702127659574,0.6301003548792379,-0.0002993004954538306,296.6333333333333,235,933
5,extreme_ls_060,10,-0.2344696823011739,-1.554503818444044,-0.24112226791708624,0.4297872340425532,0.1346636823985626,-0.0009304352472268805,296.6333333333333,235,933
5,extreme_ls_060,20,-0.5525615971947908,-3.665352929945828,-0.42082541668663,0.3446808510638298,0.00048338907752371664,-0.0021927047507729796,296.6333333333333,235,933
5,proportional_ls,5,-0.047337411889784825,-0.325473672054299,-0.1183686374892211,0.4978723404255319,0.7535704139903793,-0.0001878468725785112,269.1086534153172,235,1175
5,proportional_ls,10,-0.1916254558486358,-1.3195719287061989,-0.20664752879617854,0.43829787234042555,0.20382631581463814,-0.0007604184755898246,269.1086534153172,235,1175
5,proportional_ls,20,-0.48020154376633756,-3.309688170282108,-0.37822788826490794,0.3617021276595745,0.0015849685553784632,-0.0019055616816124506,269.1086534153172,235,1175
5,risk_scaled_ls,5,-0.09379757420883386,-0.6556236044086583,-0.14556364292138346,0.46382978723404256,0.5272714404389567,-0.000372212596066801,270.5587003758359,235,1175
5,risk_scaled_ls,10,-0.23886309015502674,-1.670023910628361,-0.23972501777818833,0.425531914893617,0.10815528301237061,-0.0009478694053770902,270.5587003758359,235,1175
5,risk_scaled_ls,20,-0.5289941220474126,-3.6919023624986593,-0.4019528151298136,0.33617021276595743,0.0004407161591938443,-0.002099183023997669,270.5587003758359,235,1175
