,,AAPL,AMZN,META,NVDA,TSLA
mu_night_full,count,548.0,548.0,548.0,547.0,545.0
mu_night_full,mean,0.09338364522401567,0.115720325413978,0.11163373306179836,0.16001015244160913,0.04444184250342507
mu_night_full,std,0.04235277531624185,0.04946923199021637,0.06803416993939859,0.07872886651040842,0.03229868293615743
mu_night_full,min,-0.0777252878865527,-0.042813963343958,-0.0760528116083959,-0.3332655349308666,-0.0592438704631359
mu_night_full,25%,0.06813114418865203,0.0820751841787299,0.0644045403444196,0.1093341243872778,0.0232403044297762
mu_night_full,50%,0.0960803383816681,0.11834003898537465,0.10644645396633415,0.1552752752397624,0.0482006214756334
mu_night_full,75%,0.12255819747163513,0.14607034945535297,0.15051451724023157,0.20992379496980268,0.0653565256515539
mu_night_full,max,0.1991251816755007,0.2553076093044082,0.3929429954872955,0.4259000458450067,0.1688384767276919
sd_night_full,count,548.0,548.0,548.0,547.0,545.0
sd_night_full,mean,0.45124852779122554,0.4413595782195078,0.42977232838810364,0.4620056880811792,0.380216412338931
sd_night_full,std,0.030446061668783535,0.03726993277966941,0.058835898036717384,0.060384271753182006,0.030574141680936175
sd_night_full,min,0.3617236859013771,0.3000069286594292,0.2488967614726861,0.0001430412574814,0.300358778279475
sd_night_full,25%,0.4298866501834234,0.41838805438280613,0.38953004889321613,0.4289182251760014,0.3577901223117526
sd_night_full,50%,0.4503390108442049,0.44287320289166476,0.43157277375120384,0.4620235377284885,0.3779873787378044
sd_night_full,75%,0.47139404701453047,0.4644405805295666,0.47042106267133516,0.4971356673269194,0.4001457875494857
sd_night_full,max,0.5856744855043153,0.5486136538194065,0.6076472035992693,0.622982643912563,0.4773711492950569
n_night_full,count,548.0,548.0,548.0,548.0,548.0
n_night_full,mean,703.5383211678832,318.70620437956205,198.47627737226279,169.75547445255475,1474.4251824817518
n_night_full,std,642.054834000458,534.4744308034219,603.2170377923761,345.4617164056941,1449.8266755972163
n_night_full,min,30.0,100.0,33.0,0.0,0.0
n_night_full,25%,380.0,193.75,73.75,54.75,660.25
n_night_full,50%,516.0,238.0,95.0,91.0,1039.0
n_night_full,75%,762.0,312.25,141.5,180.0,1699.75
n_night_full,max,6898.0,9633.0,12337.0,5546.0,16722.0
nlog_night_full,count,548.0,548.0,548.0,548.0,548.0
nlog_night_full,mean,6.337220727715547,5.545421342063631,4.762030628191465,4.631973629780549,6.988105922970909
nlog_night_full,std,0.6189361263041053,0.4931895220779816,0.7553591361686455,0.8998092060278641,0.8665159566000404
nlog_night_full,min,3.4339872044851463,4.61512051684126,3.5263605246161616,0.0,0.0
nlog_night_full,25%,5.942799375126701,5.271714208688643,4.314132358453275,4.02084706435948,6.4941300505783826
nlog_night_full,50%,6.248035391914812,5.476463551931511,4.564348191467836,4.5217885770490405,6.946975529857099
nlog_night_full,75%,6.637255459200133,5.747000639382178,4.959323618094945,5.198497031265826,7.438823023266855
nlog_night_full,max,8.839131752546109,9.173053787190169,9.420439209769585,8.621012520055235,9.724540296381123
nabn_night_full,count,548.0,548.0,548.0,548.0,548.0
nabn_night_full,mean,0.09875351659124314,0.09873488259645632,0.11627320606321714,0.08200948768955584,0.09341605960999587
nabn_night_full,std,0.893898173121409,0.789901099972639,0.8390933685333644,0.8692547644526804,1.1202345244615854
nabn_night_full,min,-2.2259461174908624,-1.228449212434449,-1.3185281042357078,-5.702788719381267,-6.695423587169247
nabn_night_full,25%,-0.33813808796136796,-0.2968151653037725,-0.3476164996294659,-0.3563316222951074,-0.4490280664806514
nabn_night_full,50%,-0.08086554061775869,-0.0321499846336439,-0.0722242461979596,-0.08021778436894594,-0.0854090170597663
nabn_night_full,75%,0.2546180798493456,0.20835294322624276,0.2937844004266015,0.3776727724040245,0.41532833966610405
nabn_night_full,max,6.847900236348798,5.671636378429168,4.644934417359145,3.3989584239654875,6.5943232159517375
mu_pre,count,548.0,548.0,548.0,546.0,544.0
mu_pre,mean,0.09859158344580994,0.1243424652782813,0.1271705636795785,0.16947693602777003,0.044142664634229445
mu_pre,std,0.05712016383879912,0.06772389614015076,0.10270849244683262,0.11681466959669319,0.040316329381227346
mu_pre,min,-0.0757774768290926,-0.0517446059447436,-0.2105109778739575,-0.499894462309,-0.098934498929854
mu_pre,25%,0.06798875061763097,0.07554821933364438,0.059956782271638295,0.0940312987566009,0.018000492414847025
mu_pre,50%,0.10324520748369195,0.12094913874435625,0.12367202443109025,0.16256882323763322,0.0459369196986619
mu_pre,75%,0.13359139180413854,0.17225623436695714,0.18480497630241055,0.24843920095722238,0.07116133573052587
mu_pre,max,0.2803586986501257,0.3365181502811359,0.5410475375480811,0.5083750900407346,0.1838137162490778
sd_pre,count,548.0,548.0,548.0,546.0,544.0
sd_pre,mean,0.4598599142451428,0.4497619915942705,0.4588527789034734,0.47655137854282764,0.38352310163554376
sd_pre,std,0.04156097623486528,0.05524077179686884,0.0749989626638754,0.08607483037659293,0.03791595846143423
sd_pre,min,0.2909592169584461,0.2632691648688187,0.2368699725678781,0.0060534780904288,0.2886428751353049
sd_pre,25%,0.4318620855745973,0.4126648353950648,0.4121110731779346,0.42518286981074793,0.35707521487369304
sd_pre,50%,0.4591267459936281,0.4522217715339447,0.45355001770971226,0.47312445171774475,0.3802732018269954
sd_pre,75%,0.48464491600473625,0.4886473106428829,0.5047674588400493,0.521579469794824,0.4062250204748752
sd_pre,max,0.5849320889829075,0.6150160884310282,0.752723656483435,0.7540845752881536,0.5173547951322918
n_pre,count,548.0,548.0,548.0,546.0,544.0
n_pre,mean,259.38321167883214,115.07664233576642,65.89416058394161,63.31318681318681,631.3327205882352
n_pre,std,186.26331112291183,106.43823711414477,155.01270727715456,96.79742817357416,572.6121735064959
n_pre,min,13.0,35.0,6.0,2.0,117.0
n_pre,25%,144.75,75.0,26.0,19.0,285.75
n_pre,50%,207.5,98.0,36.0,35.0,460.0
n_pre,75%,300.0,123.25,56.0,70.75,768.25
n_pre,max,1391.0,1799.0,2949.0,1158.0,4995.0
mu_open30,count,547.0,548.0,548.0,540.0,544.0
mu_open30,mean,0.08399779628460557,0.07092101943656057,0.08809262650858604,0.11699578170780453,0.03472313401690482
mu_open30,std,0.08534097871298582,0.09147317363183159,0.1474944032693603,0.16979492564844434,0.04175904976723746
mu_open30,min,-0.993832672,-0.3894178254713057,-0.979476619938,-0.402121232685,-0.1259464618112805
mu_open30,25%,0.04015324542985565,0.017714489240242152,0.0016651996406824249,0.01685181994403685,0.00935690640254315
mu_open30,50%,0.0829855902693247,0.06783479759808886,0.0747067858628242,0.10339059933503955,0.03356567030949305
mu_open30,75%,0.12687120129218238,0.12403988201992262,0.16031367787539363,0.1885436330086929,0.059751275528064925
mu_open30,max,0.4236879111050875,0.6665435474829934,0.6650860314558816,0.99999523596013,0.2031302042069993
sd_open30,count,546.0,548.0,547.0,530.0,544.0
sd_open30,mean,0.42951492875675434,0.41243229612156085,0.3828853148601777,0.41358813393596777,0.3445115345363668
sd_open30,std,0.0622633687190593,0.08285826085801766,0.1593420213632532,0.16372247363263212,0.04540208859236771
sd_open30,min,0.0038979864991168,0.0400688982636448,2.669541389053265e-05,2.279036537163192e-05,0.2425417478107681
sd_open30,25%,0.39481058542542247,0.35985830498764415,0.32113212983143885,0.35800305707679275,0.3140862114447748
sd_open30,50%,0.43055113589839045,0.4130833305691225,0.3982386415929383,0.4414381519123493,0.34231589201195123
sd_open30,75%,0.4658924270592558,0.46295786667268846,0.47728327622733546,0.5055048561421256,0.3702106013233008
sd_open30,max,0.6084593773620585,0.6739623169013179,0.8824419870482554,0.9997694575198882,0.5320548970853862
n_open30,count,547.0,548.0,548.0,540.0,544.0
n_open30,mean,86.78793418647166,38.98540145985402,24.05109489051095,25.433333333333334,196.34742647058823
n_open30,std,60.74083841386373,28.396059000307698,52.529413182102665,32.910645316358455,144.72091218723014
n_open30,min,1.0,3.0,1.0,1.0,32.0
n_open30,25%,48.0,24.0,8.0,7.0,105.0
n_open30,50%,73.0,33.0,12.0,14.0,152.5
n_open30,75%,106.5,46.25,23.0,33.0,244.25
n_open30,max,505.0,279.0,982.0,366.0,999.0
mu_mkt,count,548.0,548.0,548.0,548.0,544.0
mu_mkt,mean,0.07835272169848632,0.07132964379971371,0.07718058314827617,0.11864097978091005,0.03179199411444667
mu_mkt,std,0.03163475459799549,0.038682076100890014,0.05600580845308897,0.07344016009969698,0.022675893421537596
mu_mkt,min,-0.0025930925939563,-0.0847957113956588,-0.0807131764734742,-0.0884611950234221,-0.0400526390735116
mu_mkt,25%,0.056976129766242174,0.043518204356882646,0.04076909634299083,0.07656336090240197,0.018596032548324124
mu_mkt,50%,0.08000327419241521,0.07033386802973415,0.0742554202689676,0.11159784463603355,0.0332488960221665
mu_mkt,75%,0.10025520254056089,0.0992453794413802,0.10648886258651233,0.15443034069429495,0.0463178057683715
mu_mkt,max,0.1554206350618401,0.237312948762034,0.2656131962595491,0.9999997580014728,0.1216666622065703
sd_mkt,count,548.0,548.0,548.0,546.0,544.0
sd_mkt,mean,0.4360949470208422,0.41971161323150435,0.4129845241523844,0.45788234223553936,0.35113154477123015
sd_mkt,std,0.026939416057983993,0.03261351575168049,0.04519440611265677,0.05245368474114743,0.026190036857139533
sd_mkt,min,0.3169120202696319,0.3130449022002364,0.2520869445894392,0.0009013748764797,0.2838093469973313
sd_mkt,25%,0.4165225338685006,0.39706998368748603,0.38247993423626164,0.42681815982942894,0.33259298182852115
sd_mkt,50%,0.4353630779275045,0.4202614054957788,0.4097172402893269,0.4567799458223798,0.3512200195469156
sd_mkt,75%,0.4533055354908639,0.4407336532113232,0.444039170844695,0.49096825009882383,0.3689855111070152
sd_mkt,max,0.5276121803832932,0.523429281213497,0.5776799543910359,0.601324004401786,0.4387121794888325
n_mkt,count,548.0,548.0,548.0,548.0,544.0
n_mkt,mean,874.9635036496351,419.77372262773724,249.52007299270073,222.89963503649636,1888.3841911764705
n_mkt,std,616.1354721609348,274.42353054408665,471.32098925919394,277.3106333140579,1284.0683279755178
n_mkt,min,30.0,132.0,34.0,1.0,454.0
n_mkt,25%,511.0,273.0,90.0,70.0,1031.25
n_mkt,50%,722.0,371.5,134.5,131.0,1560.0
n_mkt,75%,1010.25,496.5,219.25,284.25,2239.25
n_mkt,max,6422.0,4756.0,6455.0,3584.0,8105.0
mu_post,count,548.0,548.0,548.0,545.0,544.0
mu_post,mean,0.09153797481434305,0.10876154144736007,0.10080176035100837,0.1546959533712105,0.04618218929699278
mu_post,std,0.04674503805310134,0.0565473914245058,0.08033920308459777,0.09231905620687215,0.03514808514334323
mu_post,min,-0.0392373573896206,-0.0597420123700134,-0.35031411939772,-0.1340874534908017,-0.0589671042563847
mu_post,25%,0.05929072286271017,0.07039255017632425,0.04798773259491107,0.097117586107927,0.023529506026300724
mu_post,50%,0.09203549046160145,0.1059997242473585,0.0963147816891049,0.1523018156149839,0.048470869048565804
mu_post,75%,0.11979746009286148,0.14856869578923923,0.14366121572969356,0.2109305799857423,0.0678885612144593
mu_post,max,0.3323887626480585,0.2993977147975618,0.4404212301473486,0.5679262288528925,0.2141772210130656
sd_post,count,548.0,548.0,548.0,544.0,544.0
sd_post,mean,0.44613651509770064,0.4366000325154062,0.409643921116711,0.4571843376533444,0.37708113051782055
sd_post,std,0.03590510218465842,0.04767803741889801,0.07784319265798749,0.07419259152639368,0.033900506705495916
sd_post,min,0.3091695889750424,0.2531178175020174,0.1365289606509149,0.0001430412574814,0.2863143956733645
sd_post,25%,0.4231114066969874,0.4091822623660311,0.3610676985636728,0.4221044925599893,0.3543777896387037
sd_post,50%,0.4453104356691765,0.4356628427481851,0.4140414254030472,0.45908998587637817,0.3745263426270667
sd_post,75%,0.46847831959743425,0.46675168195727423,0.4622655025331614,0.49731801357270844,0.39890574105131327
sd_post,max,0.6109344830965009,0.581592069158981,0.6423581172554851,0.748404029438897,0.4807410945031547
n_post,count,548.0,548.0,548.0,545.0,544.0
n_post,mean,377.01277372262774,180.29379562043795,118.78102189781022,96.17064220183487,739.4466911764706
n_post,std,472.2672122468461,436.21851378788057,451.7560975847329,275.6712833965056,974.0551397127463
n_post,min,6.0,35.0,11.0,1.0,88.0
n_post,25%,182.0,87.0,37.0,28.0,299.0
n_post,50%,253.0,121.0,52.0,47.0,463.5
n_post,75%,391.25,160.25,78.0,87.0,797.25
n_post,max,5636.0,7834.0,9388.0,4831.0,13687.0
gap,count,548.0,548.0,548.0,548.0,548.0
gap,mean,0.0006581126460010392,0.0012437453253517233,-0.00025067113590461346,0.00219035980359315,0.004019934857443674
gap,std,0.015394884595766321,0.014170928622638228,0.018722867878946992,0.019256544829682358,0.029776826039334365
gap,min,-0.1295823438294757,-0.0803865491509103,-0.2425696783390576,-0.1180451941212731,-0.1489768929586774
gap,25%,-0.0042198219526394,-0.0028628654507128,-0.005141081546748225,-0.005162458714481325,-0.007819305316278126
gap,50%,0.0011948837142531999,0.00152555060386325,0.0008773924320121999,0.0030959858819433004,0.0039226963995927
gap,75%,0.00680087216909865,0.0067286467987073,0.0065399356630826255,0.010914248363248499,0.0154696809066848
gap,max,0.0696018247728238,0.1207169192535007,0.0909168755830223,0.1061481471679741,0.1319999694824218
ret_oc,count,548.0,548.0,548.0,548.0,548.0
ret_oc,mean,0.0010653358204056938,-0.00017116646727481725,0.0005564085676847151,0.0008372618448712721,0.0012879907609055353
ret_oc,std,0.0170392920774067,0.016869627948159934,0.01826858799607764,0.026738126269106655,0.03626808400897521
ret_oc,min,-0.0725786378922202,-0.0487295213461762,-0.0711829332962532,-0.0887583865907613,-0.127897122064536
ret_oc,25%,-0.00788083916662425,-0.009643558292178299,-0.009976835993757325,-0.01295859821452105,-0.017850327252753425
ret_oc,50%,0.0011190944459825,-0.0002535105963798,0.00013697331308345551,0.00045138122605685004,-8.630960322330492e-06
ret_oc,75%,0.011238732948354476,0.009822773525442575,0.01137057631770385,0.017398351692244348,0.019797188693710048
ret_oc,max,0.0665880426018025,0.0823849705217695,0.0865697098098697,0.1300499586491522,0.1578025590504031
ret_cc,count,548.0,548.0,548.0,548.0,548.0
ret_cc,mean,0.0017281035878424292,0.0010586110135604424,0.00032817522046929456,0.003036511413099402,0.0053054433183138605
ret_cc,std,0.023246071158379795,0.021421757080248252,0.02686445806437541,0.0331898137712738,0.046826439548481404
ret_cc,min,-0.128646955965738,-0.0792208251474794,-0.2639009457992695,-0.1845208566564599,-0.2106282432039079
ret_cc,25%,-0.0091749353104463,-0.01066318533519205,-0.012241614953930675,-0.013390868956340476,-0.019551487422150973
ret_cc,50%,0.00086845977313715,0.00117190568141255,0.0009138487043535,0.0032502886641815,0.0026089619416852002
ret_cc,75%,0.014115135595666274,0.011607271779293325,0.01456884965404455,0.022235318534126126,0.027391487928807776
ret_cc,max,0.1198082665473159,0.1353590173571186,0.1023499542542554,0.1715642635902294,0.1989485937639492
y_gap,count,548.0,548.0,548.0,548.0,548.0
y_gap,mean,0.5675182481751825,0.6058394160583942,0.551094890510949,0.614963503649635,0.6058394160583942
y_gap,std,0.4958729580503735,0.48911611858160137,0.4978368988098654,0.48704852862143927,0.48911611858160137
y_gap,min,0.0,0.0,0.0,0.0,0.0
y_gap,25%,0.0,0.0,0.0,0.0,0.0
y_gap,50%,1.0,1.0,1.0,1.0,1.0
y_gap,75%,1.0,1.0,1.0,1.0,1.0
y_gap,max,1.0,1.0,1.0,1.0,1.0
y_oc,count,548.0,548.0,548.0,548.0,548.0
y_oc,mean,0.5291970802919708,0.48905109489051096,0.5036496350364964,0.5054744525547445,0.5
y_oc,std,0.49960285272253807,0.5003368272591764,0.5004434975145744,0.5004268317859899,0.500456829697852
y_oc,min,0.0,0.0,0.0,0.0,0.0
y_oc,25%,0.0,0.0,0.0,0.0,0.0
y_oc,50%,1.0,0.0,1.0,1.0,0.5
y_oc,75%,1.0,1.0,1.0,1.0,1.0
y_oc,max,1.0,1.0,1.0,1.0,1.0
y_cc,count,548.0,548.0,548.0,548.0,548.0
y_cc,mean,0.5255474452554745,0.5237226277372263,0.5164233576642335,0.5547445255474452,0.5492700729927007
y_cc,std,0.49980313449154634,0.49989323510841704,0.5001867837243119,0.49744808413047104,0.49802114451340757
y_cc,min,0.0,0.0,0.0,0.0,0.0
y_cc,25%,0.0,0.0,0.0,0.0,0.0
y_cc,50%,1.0,1.0,1.0,1.0,1.0
y_cc,75%,1.0,1.0,1.0,1.0,1.0
y_cc,max,1.0,1.0,1.0,1.0,1.0
